config	seed	checkpoint	msgs_task	accuracy	hidden_size	layers	config_short	num_params
layers_1_hs_192_heads_12_cl_256	0	5	main_verb_control	0.6203058362007141	192	1	1*192	740160
layers_1_hs_192_heads_12_cl_256	0	5	control_raising_control	0.814751148223877	192	1	1*192	740160
layers_1_hs_192_heads_12_cl_256	0	5	syntactic_category_control	0.7867087721824646	192	1	1*192	740160
layers_1_hs_192_heads_12_cl_256	0	5	lexical_content_the_control	0.8066483736038208	192	1	1*192	740160
layers_1_hs_192_heads_12_cl_256	0	5	relative_position_control	0.977227509021759	192	1	1*192	740160
layers_1_hs_192_heads_12_cl_256	0	5	main_verb_lexical_content_the	0.6661840081214905	192	1	1*192	740160
layers_1_hs_192_heads_12_cl_256	0	5	main_verb_relative_token_position	0.6630685329437256	192	1	1*192	740160
layers_1_hs_192_heads_12_cl_256	0	5	syntactic_category_lexical_content_the	0.6353198289871216	192	1	1*192	740160
layers_1_hs_192_heads_12_cl_256	0	5	syntactic_category_relative_position	0.6548802852630615	192	1	1*192	740160
layers_1_hs_192_heads_12_cl_256	0	5	control_raising_lexical_content_the	0.6650487780570984	192	1	1*192	740160
layers_1_hs_192_heads_12_cl_256	0	5	control_raising_relative_token_position	0.6682972311973572	192	1	1*192	740160
layers_1_hs_192_heads_12_cl_256	13	5	main_verb_control	0.6381651163101196	192	1	1*192	740160
layers_1_hs_192_heads_12_cl_256	13	5	control_raising_control	0.8290987610816956	192	1	1*192	740160
layers_1_hs_192_heads_12_cl_256	13	5	syntactic_category_control	0.8445408940315247	192	1	1*192	740160
layers_1_hs_192_heads_12_cl_256	13	5	lexical_content_the_control	0.7688461542129517	192	1	1*192	740160
layers_1_hs_192_heads_12_cl_256	13	5	relative_position_control	0.9352200031280518	192	1	1*192	740160
layers_1_hs_192_heads_12_cl_256	13	5	main_verb_lexical_content_the	0.6686728000640869	192	1	1*192	740160
layers_1_hs_192_heads_12_cl_256	13	5	main_verb_relative_token_position	0.6629449725151062	192	1	1*192	740160
layers_1_hs_192_heads_12_cl_256	13	5	syntactic_category_lexical_content_the	0.7076389193534851	192	1	1*192	740160
layers_1_hs_192_heads_12_cl_256	13	5	syntactic_category_relative_position	0.6677627563476562	192	1	1*192	740160
layers_1_hs_192_heads_12_cl_256	13	5	control_raising_lexical_content_the	0.6647090315818787	192	1	1*192	740160
layers_1_hs_192_heads_12_cl_256	13	5	control_raising_relative_token_position	0.6673188805580139	192	1	1*192	740160
layers_1_hs_384_heads_12_cl_256	13	5	main_verb_control	0.6647095084190369	384	1	1*384	2365056
layers_1_hs_384_heads_12_cl_256	13	5	control_raising_control	0.8461366295814514	384	1	1*384	2365056
layers_1_hs_384_heads_12_cl_256	13	5	syntactic_category_control	0.8235161304473877	384	1	1*384	2365056
layers_1_hs_384_heads_12_cl_256	13	5	lexical_content_the_control	0.7968131899833679	384	1	1*384	2365056
layers_1_hs_384_heads_12_cl_256	13	5	relative_position_control	0.9812071919441223	384	1	1*384	2365056
layers_1_hs_384_heads_12_cl_256	13	5	main_verb_lexical_content_the	0.6647359728813171	384	1	1*384	2365056
layers_1_hs_384_heads_12_cl_256	13	5	main_verb_relative_token_position	0.6622445583343506	384	1	1*384	2365056
layers_1_hs_384_heads_12_cl_256	13	5	syntactic_category_lexical_content_the	0.7082387208938599	384	1	1*384	2365056
layers_1_hs_384_heads_12_cl_256	13	5	syntactic_category_relative_position	0.6565824747085571	384	1	1*384	2365056
layers_1_hs_384_heads_12_cl_256	13	5	control_raising_lexical_content_the	0.6668446063995361	384	1	1*384	2365056
layers_1_hs_384_heads_12_cl_256	13	5	control_raising_relative_token_position	0.6681749820709229	384	1	1*384	2365056
layers_1_hs_384_heads_12_cl_256	0	5	main_verb_control	0.6461161971092224	384	1	1*384	2365056
layers_1_hs_384_heads_12_cl_256	0	5	control_raising_control	0.8589897155761719	384	1	1*384	2365056
layers_1_hs_384_heads_12_cl_256	0	5	syntactic_category_control	0.821374237537384	384	1	1*384	2365056
layers_1_hs_384_heads_12_cl_256	0	5	lexical_content_the_control	0.789175808429718	384	1	1*384	2365056
layers_1_hs_384_heads_12_cl_256	0	5	relative_position_control	0.9756245613098145	384	1	1*384	2365056
layers_1_hs_384_heads_12_cl_256	0	5	main_verb_lexical_content_the	0.6645097136497498	384	1	1*384	2365056
layers_1_hs_384_heads_12_cl_256	0	5	main_verb_relative_token_position	0.6605965495109558	384	1	1*384	2365056
layers_1_hs_384_heads_12_cl_256	0	5	syntactic_category_lexical_content_the	0.6989846229553223	384	1	1*384	2365056
layers_1_hs_384_heads_12_cl_256	0	5	syntactic_category_relative_position	0.6653642058372498	384	1	1*384	2365056
layers_1_hs_384_heads_12_cl_256	0	5	control_raising_lexical_content_the	0.6650002598762512	384	1	1*384	2365056
layers_1_hs_384_heads_12_cl_256	0	5	control_raising_relative_token_position	0.6687864065170288	384	1	1*384	2365056
layers_1_hs_768_heads_12_cl_256	0	5	main_verb_control	0.649602472782135	768	1	1*768	7089408
layers_1_hs_768_heads_12_cl_256	0	5	control_raising_control	0.8671349287033081	768	1	1*768	7089408
layers_1_hs_768_heads_12_cl_256	0	5	syntactic_category_control	0.8302801251411438	768	1	1*768	7089408
layers_1_hs_768_heads_12_cl_256	0	5	lexical_content_the_control	0.8218681216239929	768	1	1*768	7089408
layers_1_hs_768_heads_12_cl_256	0	5	relative_position_control	0.9351646900177002	768	1	1*768	7089408
layers_1_hs_768_heads_12_cl_256	0	5	main_verb_lexical_content_the	0.663966715335846	768	1	1*768	7089408
layers_1_hs_768_heads_12_cl_256	0	5	main_verb_relative_token_position	0.6635217666625977	768	1	1*768	7089408
layers_1_hs_768_heads_12_cl_256	0	5	syntactic_category_lexical_content_the	0.7450408935546875	768	1	1*768	7089408
layers_1_hs_768_heads_12_cl_256	0	5	syntactic_category_relative_position	0.6780920028686523	768	1	1*768	7089408
layers_1_hs_768_heads_12_cl_256	0	5	control_raising_lexical_content_the	0.6647090315818787	768	1	1*768	7089408
layers_1_hs_768_heads_12_cl_256	0	5	control_raising_relative_token_position	0.6676450371742249	768	1	1*768	7089408
layers_1_hs_768_heads_12_cl_256	13	5	main_verb_control	0.6521100997924805	768	1	1*768	7089408
layers_1_hs_768_heads_12_cl_256	13	5	control_raising_control	0.8202809691429138	768	1	1*768	7089408
layers_1_hs_768_heads_12_cl_256	13	5	syntactic_category_control	0.8442590832710266	768	1	1*768	7089408
layers_1_hs_768_heads_12_cl_256	13	5	lexical_content_the_control	0.7689011096954346	768	1	1*768	7089408
layers_1_hs_768_heads_12_cl_256	13	5	relative_position_control	0.9561132192611694	768	1	1*768	7089408
layers_1_hs_768_heads_12_cl_256	13	5	main_verb_lexical_content_the	0.6639214158058167	768	1	1*768	7089408
layers_1_hs_768_heads_12_cl_256	13	5	main_verb_relative_token_position	0.6641397476196289	768	1	1*768	7089408
layers_1_hs_768_heads_12_cl_256	13	5	syntactic_category_lexical_content_the	0.7187352776527405	768	1	1*768	7089408
layers_1_hs_768_heads_12_cl_256	13	5	syntactic_category_relative_position	0.6845526099205017	768	1	1*768	7089408
layers_1_hs_768_heads_12_cl_256	13	5	control_raising_lexical_content_the	0.6654370427131653	768	1	1*768	7089408
layers_1_hs_768_heads_12_cl_256	13	5	control_raising_relative_token_position	0.6680526733398438	768	1	1*768	7089408
layers_1_hs_1536_heads_12_cl_256	0	5	main_verb_control	0.649357795715332	1536	1	1*1536	30693888
layers_1_hs_1536_heads_12_cl_256	0	5	control_raising_control	0.8926916718482971	1536	1	1*1536	30693888
layers_1_hs_1536_heads_12_cl_256	0	5	syntactic_category_control	0.7692351341247559	1536	1	1*1536	30693888
layers_1_hs_1536_heads_12_cl_256	0	5	lexical_content_the_control	0.7573626637458801	1536	1	1*1536	30693888
layers_1_hs_1536_heads_12_cl_256	0	5	relative_position_control	0.9242759346961975	1536	1	1*1536	30693888
layers_1_hs_1536_heads_12_cl_256	0	5	main_verb_lexical_content_the	0.6693968176841736	1536	1	1*1536	30693888
layers_1_hs_1536_heads_12_cl_256	0	5	main_verb_relative_token_position	0.6667353510856628	1536	1	1*1536	30693888
layers_1_hs_1536_heads_12_cl_256	0	5	syntactic_category_lexical_content_the	0.7050683498382568	1536	1	1*1536	30693888
layers_1_hs_1536_heads_12_cl_256	0	5	syntactic_category_relative_position	0.6609926819801331	1536	1	1*1536	30693888
layers_1_hs_1536_heads_12_cl_256	0	5	control_raising_lexical_content_the	0.6649031639099121	1536	1	1*1536	30693888
layers_1_hs_1536_heads_12_cl_256	0	5	control_raising_relative_token_position	0.6765725016593933	1536	1	1*1536	30693888
layers_1_hs_1536_heads_12_cl_256	13	5	main_verb_control	0.6608562469482422	1536	1	1*1536	30693888
layers_1_hs_1536_heads_12_cl_256	13	5	control_raising_control	0.8994918465614319	1536	1	1*1536	30693888
layers_1_hs_1536_heads_12_cl_256	13	5	syntactic_category_control	0.8115100860595703	1536	1	1*1536	30693888
layers_1_hs_1536_heads_12_cl_256	13	5	lexical_content_the_control	0.7576373815536499	1536	1	1*1536	30693888
layers_1_hs_1536_heads_12_cl_256	13	5	relative_position_control	0.9178089499473572	1536	1	1*1536	30693888
layers_1_hs_1536_heads_12_cl_256	13	5	main_verb_lexical_content_the	0.6655504703521729	1536	1	1*1536	30693888
layers_1_hs_1536_heads_12_cl_256	13	5	main_verb_relative_token_position	0.6698665022850037	1536	1	1*1536	30693888
layers_1_hs_1536_heads_12_cl_256	13	5	syntactic_category_lexical_content_the	0.7117090225219727	1536	1	1*1536	30693888
layers_1_hs_1536_heads_12_cl_256	13	5	syntactic_category_relative_position	0.6570466756820679	1536	1	1*1536	30693888
layers_1_hs_1536_heads_12_cl_256	13	5	control_raising_lexical_content_the	0.6647090315818787	1536	1	1*1536	30693888
layers_1_hs_1536_heads_12_cl_256	13	5	control_raising_relative_token_position	0.6758387088775635	1536	1	1*1536	30693888
layers_2_hs_192_heads_12_cl_256	13	5	main_verb_control	0.7221406698226929	192	2	2*192	1185024
layers_2_hs_192_heads_12_cl_256	13	5	control_raising_control	0.8648931384086609	192	2	2*192	1185024
layers_2_hs_192_heads_12_cl_256	13	5	syntactic_category_control	0.8850684762001038	192	2	2*192	1185024
layers_2_hs_192_heads_12_cl_256	13	5	lexical_content_the_control	0.7676923274993896	192	2	2*192	1185024
layers_2_hs_192_heads_12_cl_256	13	5	relative_position_control	0.9645147323608398	192	2	2*192	1185024
layers_2_hs_192_heads_12_cl_256	13	5	main_verb_lexical_content_the	0.6666365265846252	192	2	2*192	1185024
layers_2_hs_192_heads_12_cl_256	13	5	main_verb_relative_token_position	0.6671885251998901	192	2	2*192	1185024
layers_2_hs_192_heads_12_cl_256	13	5	syntactic_category_lexical_content_the	0.6875455379486084	192	2	2*192	1185024
layers_2_hs_192_heads_12_cl_256	13	5	syntactic_category_relative_position	0.6631978154182434	192	2	2*192	1185024
layers_2_hs_192_heads_12_cl_256	13	5	control_raising_lexical_content_the	0.6662136316299438	192	2	2*192	1185024
layers_2_hs_192_heads_12_cl_256	13	5	control_raising_relative_token_position	0.6683787703514099	192	2	2*192	1185024
layers_2_hs_192_heads_12_cl_256	0	5	main_verb_control	0.8421406745910645	192	2	2*192	1185024
layers_2_hs_192_heads_12_cl_256	0	5	control_raising_control	0.890823483467102	192	2	2*192	1185024
layers_2_hs_192_heads_12_cl_256	0	5	syntactic_category_control	0.9140409231185913	192	2	2*192	1185024
layers_2_hs_192_heads_12_cl_256	0	5	lexical_content_the_control	0.8251648545265198	192	2	2*192	1185024
layers_2_hs_192_heads_12_cl_256	0	5	relative_position_control	0.9778907895088196	192	2	2*192	1185024
layers_2_hs_192_heads_12_cl_256	0	5	main_verb_lexical_content_the	0.6653242111206055	192	2	2*192	1185024
layers_2_hs_192_heads_12_cl_256	0	5	main_verb_relative_token_position	0.6716381311416626	192	2	2*192	1185024
layers_2_hs_192_heads_12_cl_256	0	5	syntactic_category_lexical_content_the	0.7212629914283752	192	2	2*192	1185024
layers_2_hs_192_heads_12_cl_256	0	5	syntactic_category_relative_position	0.6383225917816162	192	2	2*192	1185024
layers_2_hs_192_heads_12_cl_256	0	5	control_raising_lexical_content_the	0.6681066155433655	192	2	2*192	1185024
layers_2_hs_192_heads_12_cl_256	0	5	control_raising_relative_token_position	0.6677265763282776	192	2	2*192	1185024
layers_2_hs_384_heads_12_cl_256	13	5	main_verb_control	0.9102752208709717	384	2	2*384	4139520
layers_2_hs_384_heads_12_cl_256	13	5	control_raising_control	0.9166791439056396	384	2	2*384	4139520
layers_2_hs_384_heads_12_cl_256	13	5	syntactic_category_control	0.8634800910949707	384	2	2*384	4139520
layers_2_hs_384_heads_12_cl_256	13	5	lexical_content_the_control	0.7579120993614197	384	2	2*384	4139520
layers_2_hs_384_heads_12_cl_256	13	5	relative_position_control	0.9736900329589844	384	2	2*384	4139520
layers_2_hs_384_heads_12_cl_256	13	5	main_verb_lexical_content_the	0.6646907329559326	384	2	2*384	4139520
layers_2_hs_384_heads_12_cl_256	13	5	main_verb_relative_token_position	0.6618737578392029	384	2	2*384	4139520
layers_2_hs_384_heads_12_cl_256	13	5	syntactic_category_lexical_content_the	0.6315924525260925	384	2	2*384	4139520
layers_2_hs_384_heads_12_cl_256	13	5	syntactic_category_relative_position	0.6594839096069336	384	2	2*384	4139520
layers_2_hs_384_heads_12_cl_256	13	5	control_raising_lexical_content_the	0.6654370427131653	384	2	2*384	4139520
layers_2_hs_384_heads_12_cl_256	13	5	control_raising_relative_token_position	0.6679303646087646	384	2	2*384	4139520
layers_2_hs_384_heads_12_cl_256	0	5	main_verb_control	0.8812232613563538	384	2	2*384	4139520
layers_2_hs_384_heads_12_cl_256	0	5	control_raising_control	0.8971753120422363	384	2	2*384	4139520
layers_2_hs_384_heads_12_cl_256	0	5	syntactic_category_control	0.9016966223716736	384	2	2*384	4139520
layers_2_hs_384_heads_12_cl_256	0	5	lexical_content_the_control	0.7563736438751221	384	2	2*384	4139520
layers_2_hs_384_heads_12_cl_256	0	5	relative_position_control	0.9737452864646912	384	2	2*384	4139520
layers_2_hs_384_heads_12_cl_256	0	5	main_verb_lexical_content_the	0.6688085198402405	384	2	2*384	4139520
layers_2_hs_384_heads_12_cl_256	0	5	main_verb_relative_token_position	0.6656229496002197	384	2	2*384	4139520
layers_2_hs_384_heads_12_cl_256	0	5	syntactic_category_lexical_content_the	0.7064821720123291	384	2	2*384	4139520
layers_2_hs_384_heads_12_cl_256	0	5	syntactic_category_relative_position	0.683005154132843	384	2	2*384	4139520
layers_2_hs_384_heads_12_cl_256	0	5	control_raising_lexical_content_the	0.675144374370575	384	2	2*384	4139520
layers_2_hs_384_heads_12_cl_256	0	5	control_raising_relative_token_position	0.6701316833496094	384	2	2*384	4139520
layers_2_hs_768_heads_12_cl_256	13	5	main_verb_control	0.9107645153999329	768	2	2*768	14177280
layers_2_hs_768_heads_12_cl_256	13	5	control_raising_control	0.9229562282562256	768	2	2*768	14177280
layers_2_hs_768_heads_12_cl_256	13	5	syntactic_category_control	0.7892452478408813	768	2	2*768	14177280
layers_2_hs_768_heads_12_cl_256	13	5	lexical_content_the_control	0.7546703219413757	768	2	2*768	14177280
layers_2_hs_768_heads_12_cl_256	13	5	relative_position_control	0.9543444514274597	768	2	2*768	14177280
layers_2_hs_768_heads_12_cl_256	13	5	main_verb_lexical_content_the	0.6721118688583374	768	2	2*768	14177280
layers_2_hs_768_heads_12_cl_256	13	5	main_verb_relative_token_position	0.6669001579284668	768	2	2*768	14177280
layers_2_hs_768_heads_12_cl_256	13	5	syntactic_category_lexical_content_the	0.6293646097183228	768	2	2*768	14177280
layers_2_hs_768_heads_12_cl_256	13	5	syntactic_category_relative_position	0.6687686443328857	768	2	2*768	14177280
layers_2_hs_768_heads_12_cl_256	13	5	control_raising_lexical_content_the	0.6646119356155396	768	2	2*768	14177280
layers_2_hs_768_heads_12_cl_256	13	5	control_raising_relative_token_position	0.6691125631332397	768	2	2*768	14177280
layers_2_hs_768_heads_12_cl_256	0	5	main_verb_control	0.9060550332069397	768	2	2*768	14177280
layers_2_hs_768_heads_12_cl_256	0	5	control_raising_control	0.9369301795959473	768	2	2*768	14177280
layers_2_hs_768_heads_12_cl_256	0	5	syntactic_category_control	0.8448227047920227	768	2	2*768	14177280
layers_2_hs_768_heads_12_cl_256	0	5	lexical_content_the_control	0.7525274753570557	768	2	2*768	14177280
layers_2_hs_768_heads_12_cl_256	0	5	relative_position_control	0.9648463129997253	768	2	2*768	14177280
layers_2_hs_768_heads_12_cl_256	0	5	main_verb_lexical_content_the	0.662835419178009	768	2	2*768	14177280
layers_2_hs_768_heads_12_cl_256	0	5	main_verb_relative_token_position	0.6674357056617737	768	2	2*768	14177280
layers_2_hs_768_heads_12_cl_256	0	5	syntactic_category_lexical_content_the	0.7033545970916748	768	2	2*768	14177280
layers_2_hs_768_heads_12_cl_256	0	5	syntactic_category_relative_position	0.6595225930213928	768	2	2*768	14177280
layers_2_hs_768_heads_12_cl_256	0	5	control_raising_lexical_content_the	0.664806067943573	768	2	2*768	14177280
layers_2_hs_768_heads_12_cl_256	0	5	control_raising_relative_token_position	0.6689087152481079	768	2	2*768	14177280
layers_2_hs_1536_heads_12_cl_256	13	5	main_verb_control	0.938103973865509	1536	2	2*1536	59025408
layers_2_hs_1536_heads_12_cl_256	13	5	control_raising_control	0.9295322299003601	1536	2	2*1536	59025408
layers_2_hs_1536_heads_12_cl_256	13	5	syntactic_category_control	0.8089735507965088	1536	2	2*1536	59025408
layers_2_hs_1536_heads_12_cl_256	13	5	lexical_content_the_control	0.7537912130355835	1536	2	2*1536	59025408
layers_2_hs_1536_heads_12_cl_256	13	5	relative_position_control	0.9694892764091492	1536	2	2*1536	59025408
layers_2_hs_1536_heads_12_cl_256	13	5	main_verb_lexical_content_the	0.6667270064353943	1536	2	2*1536	59025408
layers_2_hs_1536_heads_12_cl_256	13	5	main_verb_relative_token_position	0.6638925671577454	1536	2	2*1536	59025408
layers_2_hs_1536_heads_12_cl_256	13	5	syntactic_category_lexical_content_the	0.6116704344749451	1536	2	2*1536	59025408
layers_2_hs_1536_heads_12_cl_256	13	5	syntactic_category_relative_position	0.62675541639328	1536	2	2*1536	59025408
layers_2_hs_1536_heads_12_cl_256	13	5	control_raising_lexical_content_the	0.665825366973877	1536	2	2*1536	59025408
layers_2_hs_1536_heads_12_cl_256	13	5	control_raising_relative_token_position	0.6691533327102661	1536	2	2*1536	59025408
layers_2_hs_1536_heads_12_cl_256	0	5	main_verb_control	0.9188379049301147	1536	2	2*1536	59025408
layers_2_hs_1536_heads_12_cl_256	0	5	control_raising_control	0.9331938624382019	1536	2	2*1536	59025408
layers_2_hs_1536_heads_12_cl_256	0	5	syntactic_category_control	0.8491629362106323	1536	2	2*1536	59025408
layers_2_hs_1536_heads_12_cl_256	0	5	lexical_content_the_control	0.7524175643920898	1536	2	2*1536	59025408
layers_2_hs_1536_heads_12_cl_256	0	5	relative_position_control	0.9702631235122681	1536	2	2*1536	59025408
layers_2_hs_1536_heads_12_cl_256	0	5	main_verb_lexical_content_the	0.6742386817932129	1536	2	2*1536	59025408
layers_2_hs_1536_heads_12_cl_256	0	5	main_verb_relative_token_position	0.6749752759933472	1536	2	2*1536	59025408
layers_2_hs_1536_heads_12_cl_256	0	5	syntactic_category_lexical_content_the	0.7957671284675598	1536	2	2*1536	59025408
layers_2_hs_1536_heads_12_cl_256	0	5	syntactic_category_relative_position	0.6357305645942688	1536	2	2*1536	59025408
layers_2_hs_1536_heads_12_cl_256	0	5	control_raising_lexical_content_the	0.6660680770874023	1536	2	2*1536	59025408
layers_2_hs_1536_heads_12_cl_256	0	5	control_raising_relative_token_position	0.6730667352676392	1536	2	2*1536	59025408
layers_4_hs_192_heads_12_cl_256	0	5	main_verb_control	0.9166972637176514	192	4	4*192	2074752
layers_4_hs_192_heads_12_cl_256	0	5	control_raising_control	0.9262441992759705	192	4	4*192	2074752
layers_4_hs_192_heads_12_cl_256	0	5	syntactic_category_control	0.797305703163147	192	4	4*192	2074752
layers_4_hs_192_heads_12_cl_256	0	5	lexical_content_the_control	0.8237362504005432	192	4	4*192	2074752
layers_4_hs_192_heads_12_cl_256	0	5	relative_position_control	0.9870108366012573	192	4	4*192	2074752
layers_4_hs_192_heads_12_cl_256	0	5	main_verb_lexical_content_the	0.6750531792640686	192	4	4*192	2074752
layers_4_hs_192_heads_12_cl_256	0	5	main_verb_relative_token_position	0.6762112975120544	192	4	4*192	2074752
layers_4_hs_192_heads_12_cl_256	0	5	syntactic_category_lexical_content_the	0.5855361819267273	192	4	4*192	2074752
layers_4_hs_192_heads_12_cl_256	0	5	syntactic_category_relative_position	0.653913140296936	192	4	4*192	2074752
layers_4_hs_192_heads_12_cl_256	0	5	control_raising_lexical_content_the	0.6684948801994324	192	4	4*192	2074752
layers_4_hs_192_heads_12_cl_256	0	5	control_raising_relative_token_position	0.6703354716300964	192	4	4*192	2074752
layers_4_hs_192_heads_12_cl_256	13	5	main_verb_control	0.926727831363678	192	4	4*192	2074752
layers_4_hs_192_heads_12_cl_256	13	5	control_raising_control	0.9145867824554443	192	4	4*192	2074752
layers_4_hs_192_heads_12_cl_256	13	5	syntactic_category_control	0.8227834105491638	192	4	4*192	2074752
layers_4_hs_192_heads_12_cl_256	13	5	lexical_content_the_control	0.7952747344970703	192	4	4*192	2074752
layers_4_hs_192_heads_12_cl_256	13	5	relative_position_control	0.9776697158813477	192	4	4*192	2074752
layers_4_hs_192_heads_12_cl_256	13	5	main_verb_lexical_content_the	0.6809810400009155	192	4	4*192	2074752
layers_4_hs_192_heads_12_cl_256	13	5	main_verb_relative_token_position	0.6733272671699524	192	4	4*192	2074752
layers_4_hs_192_heads_12_cl_256	13	5	syntactic_category_lexical_content_the	0.6556702852249146	192	4	4*192	2074752
layers_4_hs_192_heads_12_cl_256	13	5	syntactic_category_relative_position	0.6362335085868835	192	4	4*192	2074752
layers_4_hs_192_heads_12_cl_256	13	5	control_raising_lexical_content_the	0.6648546457290649	192	4	4*192	2074752
layers_4_hs_192_heads_12_cl_256	13	5	control_raising_relative_token_position	0.6681342124938965	192	4	4*192	2074752
layers_4_hs_384_heads_12_cl_256	13	5	main_verb_control	0.942324161529541	384	4	4*384	7688448
layers_4_hs_384_heads_12_cl_256	13	5	control_raising_control	0.9594978094100952	384	4	4*384	7688448
layers_4_hs_384_heads_12_cl_256	13	5	syntactic_category_control	0.7709824442863464	384	4	4*384	7688448
layers_4_hs_384_heads_12_cl_256	13	5	lexical_content_the_control	0.829230785369873	384	4	4*384	7688448
layers_4_hs_384_heads_12_cl_256	13	5	relative_position_control	0.9793278574943542	384	4	4*384	7688448
layers_4_hs_384_heads_12_cl_256	13	5	main_verb_lexical_content_the	0.6757771968841553	384	4	4*384	7688448
layers_4_hs_384_heads_12_cl_256	13	5	main_verb_relative_token_position	0.672585666179657	384	4	4*384	7688448
layers_4_hs_384_heads_12_cl_256	13	5	syntactic_category_lexical_content_the	0.6465446949005127	384	4	4*384	7688448
layers_4_hs_384_heads_12_cl_256	13	5	syntactic_category_relative_position	0.6331772804260254	384	4	4*384	7688448
layers_4_hs_384_heads_12_cl_256	13	5	control_raising_lexical_content_the	0.6662622094154358	384	4	4*384	7688448
layers_4_hs_384_heads_12_cl_256	13	5	control_raising_relative_token_position	0.6743711829185486	384	4	4*384	7688448
layers_4_hs_384_heads_12_cl_256	0	5	main_verb_control	0.9669113159179688	384	4	4*384	7688448
layers_4_hs_384_heads_12_cl_256	0	5	control_raising_control	0.9225078225135803	384	4	4*384	7688448
layers_4_hs_384_heads_12_cl_256	0	5	syntactic_category_control	0.7942618727684021	384	4	4*384	7688448
layers_4_hs_384_heads_12_cl_256	0	5	lexical_content_the_control	0.8330219984054565	384	4	4*384	7688448
layers_4_hs_384_heads_12_cl_256	0	5	relative_position_control	0.9829206466674805	384	4	4*384	7688448
layers_4_hs_384_heads_12_cl_256	0	5	main_verb_lexical_content_the	0.673107385635376	384	4	4*384	7688448
layers_4_hs_384_heads_12_cl_256	0	5	main_verb_relative_token_position	0.6695368885993958	384	4	4*384	7688448
layers_4_hs_384_heads_12_cl_256	0	5	syntactic_category_lexical_content_the	0.6486440300941467	384	4	4*384	7688448
layers_4_hs_384_heads_12_cl_256	0	5	syntactic_category_relative_position	0.6309722065925598	384	4	4*384	7688448
layers_4_hs_384_heads_12_cl_256	0	5	control_raising_lexical_content_the	0.6716497540473938	384	4	4*384	7688448
layers_4_hs_384_heads_12_cl_256	0	5	control_raising_relative_token_position	0.6728628873825073	384	4	4*384	7688448
layers_4_hs_768_heads_12_cl_256	13	5	main_verb_control	0.9910091757774353	768	4	4*768	28353024
layers_4_hs_768_heads_12_cl_256	13	5	control_raising_control	0.9157076478004456	768	4	4*768	28353024
layers_4_hs_768_heads_12_cl_256	13	5	syntactic_category_control	0.8095372319221497	768	4	4*768	28353024
layers_4_hs_768_heads_12_cl_256	13	5	lexical_content_the_control	0.7682967185974121	768	4	4*768	28353024
layers_4_hs_768_heads_12_cl_256	13	5	relative_position_control	0.9777802228927612	768	4	4*768	28353024
layers_4_hs_768_heads_12_cl_256	13	5	main_verb_lexical_content_the	0.6660934686660767	768	4	4*768	28353024
layers_4_hs_768_heads_12_cl_256	13	5	main_verb_relative_token_position	0.6811140179634094	768	4	4*768	28353024
layers_4_hs_768_heads_12_cl_256	13	5	syntactic_category_lexical_content_the	0.6918726563453674	768	4	4*768	28353024
layers_4_hs_768_heads_12_cl_256	13	5	syntactic_category_relative_position	0.6493868231773376	768	4	4*768	28353024
layers_4_hs_768_heads_12_cl_256	13	5	control_raising_lexical_content_the	0.6871814727783203	768	4	4*768	28353024
layers_4_hs_768_heads_12_cl_256	13	5	control_raising_relative_token_position	0.7034772038459778	768	4	4*768	28353024
layers_4_hs_768_heads_12_cl_256	0	5	main_verb_control	0.9871559739112854	768	4	4*768	28353024
layers_4_hs_768_heads_12_cl_256	0	5	control_raising_control	0.9577791094779968	768	4	4*768	28353024
layers_4_hs_768_heads_12_cl_256	0	5	syntactic_category_control	0.8420607447624207	768	4	4*768	28353024
layers_4_hs_768_heads_12_cl_256	0	5	lexical_content_the_control	0.8069230914115906	768	4	4*768	28353024
layers_4_hs_768_heads_12_cl_256	0	5	relative_position_control	0.9533495306968689	768	4	4*768	28353024
layers_4_hs_768_heads_12_cl_256	0	5	main_verb_lexical_content_the	0.6930630207061768	768	4	4*768	28353024
layers_4_hs_768_heads_12_cl_256	0	5	main_verb_relative_token_position	0.7013019323348999	768	4	4*768	28353024
layers_4_hs_768_heads_12_cl_256	0	5	syntactic_category_lexical_content_the	0.6601688265800476	768	4	4*768	28353024
layers_4_hs_768_heads_12_cl_256	0	5	syntactic_category_relative_position	0.6407985091209412	768	4	4*768	28353024
layers_4_hs_768_heads_12_cl_256	0	5	control_raising_lexical_content_the	0.6647090315818787	768	4	4*768	28353024
layers_4_hs_768_heads_12_cl_256	0	5	control_raising_relative_token_position	0.6725367903709412	768	4	4*768	28353024
layers_4_hs_1536_heads_12_cl_256	13	5	main_verb_control	0.9943119287490845	1536	4	4*1536	115688448
layers_4_hs_1536_heads_12_cl_256	13	5	control_raising_control	0.9492601752281189	1536	4	4*1536	115688448
layers_4_hs_1536_heads_12_cl_256	13	5	syntactic_category_control	0.8232343196868896	1536	4	4*1536	115688448
layers_4_hs_1536_heads_12_cl_256	13	5	lexical_content_the_control	0.7575274705886841	1536	4	4*1536	115688448
layers_4_hs_1536_heads_12_cl_256	13	5	relative_position_control	0.9897192120552063	1536	4	4*1536	115688448
layers_4_hs_1536_heads_12_cl_256	13	5	main_verb_lexical_content_the	0.7109823822975159	1536	4	4*1536	115688448
layers_4_hs_1536_heads_12_cl_256	13	5	main_verb_relative_token_position	0.6880356073379517	1536	4	4*1536	115688448
layers_4_hs_1536_heads_12_cl_256	13	5	syntactic_category_lexical_content_the	0.6503148674964905	1536	4	4*1536	115688448
layers_4_hs_1536_heads_12_cl_256	13	5	syntactic_category_relative_position	0.6409532427787781	1536	4	4*1536	115688448
layers_4_hs_1536_heads_12_cl_256	13	5	control_raising_lexical_content_the	0.7055768370628357	1536	4	4*1536	115688448
layers_4_hs_1536_heads_12_cl_256	13	5	control_raising_relative_token_position	0.6887611746788025	1536	4	4*1536	115688448
layers_4_hs_1536_heads_12_cl_256	0	5	main_verb_control	0.9803057909011841	1536	4	4*1536	115688448
layers_4_hs_1536_heads_12_cl_256	0	5	control_raising_control	0.965401291847229	1536	4	4*1536	115688448
layers_4_hs_1536_heads_12_cl_256	0	5	syntactic_category_control	0.7854686975479126	1536	4	4*1536	115688448
layers_4_hs_1536_heads_12_cl_256	0	5	lexical_content_the_control	0.7610439658164978	1536	4	4*1536	115688448
layers_4_hs_1536_heads_12_cl_256	0	5	relative_position_control	0.9815387725830078	1536	4	4*1536	115688448
layers_4_hs_1536_heads_12_cl_256	0	5	main_verb_lexical_content_the	0.6746911406517029	1536	4	4*1536	115688448
layers_4_hs_1536_heads_12_cl_256	0	5	main_verb_relative_token_position	0.6816908121109009	1536	4	4*1536	115688448
layers_4_hs_1536_heads_12_cl_256	0	5	syntactic_category_lexical_content_the	0.630864143371582	1536	4	4*1536	115688448
layers_4_hs_1536_heads_12_cl_256	0	5	syntactic_category_relative_position	0.6368911862373352	1536	4	4*1536	115688448
layers_4_hs_1536_heads_12_cl_256	0	5	control_raising_lexical_content_the	0.6897053718566895	1536	4	4*1536	115688448
layers_4_hs_1536_heads_12_cl_256	0	5	control_raising_relative_token_position	0.6930414438247681	1536	4	4*1536	115688448
layers_8_hs_192_heads_12_cl_256	13	5	main_verb_control	0.9943119287490845	192	8	8*192	3854208
layers_8_hs_192_heads_12_cl_256	13	5	control_raising_control	0.9249738454818726	192	8	8*192	3854208
layers_8_hs_192_heads_12_cl_256	13	5	syntactic_category_control	0.8373823165893555	192	8	8*192	3854208
layers_8_hs_192_heads_12_cl_256	13	5	lexical_content_the_control	0.7677472233772278	192	8	8*192	3854208
layers_8_hs_192_heads_12_cl_256	13	5	relative_position_control	0.9918195605278015	192	8	8*192	3854208
layers_8_hs_192_heads_12_cl_256	13	5	main_verb_lexical_content_the	0.6742839217185974	192	8	8*192	3854208
layers_8_hs_192_heads_12_cl_256	13	5	main_verb_relative_token_position	0.665252149105072	192	8	8*192	3854208
layers_8_hs_192_heads_12_cl_256	13	5	syntactic_category_lexical_content_the	0.6806477904319763	192	8	8*192	3854208
layers_8_hs_192_heads_12_cl_256	13	5	syntactic_category_relative_position	0.6290765404701233	192	8	8*192	3854208
layers_8_hs_192_heads_12_cl_256	13	5	control_raising_lexical_content_the	0.681648313999176	192	8	8*192	3854208
layers_8_hs_192_heads_12_cl_256	13	5	control_raising_relative_token_position	0.6683787703514099	192	8	8*192	3854208
layers_8_hs_192_heads_12_cl_256	0	5	main_verb_control	0.980183482170105	192	8	8*192	3854208
layers_8_hs_192_heads_12_cl_256	0	5	control_raising_control	0.9228814840316772	192	8	8*192	3854208
layers_8_hs_192_heads_12_cl_256	0	5	syntactic_category_control	0.8177667260169983	192	8	8*192	3854208
layers_8_hs_192_heads_12_cl_256	0	5	lexical_content_the_control	0.804340660572052	192	8	8*192	3854208
layers_8_hs_192_heads_12_cl_256	0	5	relative_position_control	0.9919853806495667	192	8	8*192	3854208
layers_8_hs_192_heads_12_cl_256	0	5	main_verb_lexical_content_the	0.6709805727005005	192	8	8*192	3854208
layers_8_hs_192_heads_12_cl_256	0	5	main_verb_relative_token_position	0.6647165417671204	192	8	8*192	3854208
layers_8_hs_192_heads_12_cl_256	0	5	syntactic_category_lexical_content_the	0.6309069991111755	192	8	8*192	3854208
layers_8_hs_192_heads_12_cl_256	0	5	syntactic_category_relative_position	0.6466788053512573	192	8	8*192	3854208
layers_8_hs_192_heads_12_cl_256	0	5	control_raising_lexical_content_the	0.6686890125274658	192	8	8*192	3854208
layers_8_hs_192_heads_12_cl_256	0	5	control_raising_relative_token_position	0.6711100339889526	192	8	8*192	3854208
layers_8_hs_384_heads_12_cl_256	13	5	main_verb_control	0.997186541557312	384	8	8*384	14786304
layers_8_hs_384_heads_12_cl_256	13	5	control_raising_control	0.9431325793266296	384	8	8*384	14786304
layers_8_hs_384_heads_12_cl_256	13	5	syntactic_category_control	0.8617327213287354	384	8	8*384	14786304
layers_8_hs_384_heads_12_cl_256	13	5	lexical_content_the_control	0.8418132066726685	384	8	8*384	14786304
layers_8_hs_384_heads_12_cl_256	13	5	relative_position_control	0.9995025396347046	384	8	8*384	14786304
layers_8_hs_384_heads_12_cl_256	13	5	main_verb_lexical_content_the	0.6955971121788025	384	8	8*384	14786304
layers_8_hs_384_heads_12_cl_256	13	5	main_verb_relative_token_position	0.6932679414749146	384	8	8*384	14786304
layers_8_hs_384_heads_12_cl_256	13	5	syntactic_category_lexical_content_the	0.6804764270782471	384	8	8*384	14786304
layers_8_hs_384_heads_12_cl_256	13	5	syntactic_category_relative_position	0.6408758759498596	384	8	8*384	14786304
layers_8_hs_384_heads_12_cl_256	13	5	control_raising_lexical_content_the	0.6841722130775452	384	8	8*384	14786304
layers_8_hs_384_heads_12_cl_256	13	5	control_raising_relative_token_position	0.6932452917098999	384	8	8*384	14786304
layers_8_hs_384_heads_12_cl_256	0	5	main_verb_control	0.9946789145469666	384	8	8*384	14786304
layers_8_hs_384_heads_12_cl_256	0	5	control_raising_control	0.9249738454818726	384	8	8*384	14786304
layers_8_hs_384_heads_12_cl_256	0	5	syntactic_category_control	0.8582943677902222	384	8	8*384	14786304
layers_8_hs_384_heads_12_cl_256	0	5	lexical_content_the_control	0.7556043863296509	384	8	8*384	14786304
layers_8_hs_384_heads_12_cl_256	0	5	relative_position_control	0.9927592277526855	384	8	8*384	14786304
layers_8_hs_384_heads_12_cl_256	0	5	main_verb_lexical_content_the	0.6885379552841187	384	8	8*384	14786304
layers_8_hs_384_heads_12_cl_256	0	5	main_verb_relative_token_position	0.6711437106132507	384	8	8*384	14786304
layers_8_hs_384_heads_12_cl_256	0	5	syntactic_category_lexical_content_the	0.62855064868927	384	8	8*384	14786304
layers_8_hs_384_heads_12_cl_256	0	5	syntactic_category_relative_position	0.6416882872581482	384	8	8*384	14786304
layers_8_hs_384_heads_12_cl_256	0	5	control_raising_lexical_content_the	0.6752899885177612	384	8	8*384	14786304
layers_8_hs_384_heads_12_cl_256	0	5	control_raising_relative_token_position	0.6776323914527893	384	8	8*384	14786304
layers_8_hs_768_heads_12_cl_256	0	5	main_verb_control	0.9954128265380859	768	8	8*768	56704512
layers_8_hs_768_heads_12_cl_256	0	5	control_raising_control	0.9544163942337036	768	8	8*768	56704512
layers_8_hs_768_heads_12_cl_256	0	5	syntactic_category_control	0.8232907056808472	768	8	8*768	56704512
layers_8_hs_768_heads_12_cl_256	0	5	lexical_content_the_control	0.790219783782959	768	8	8*768	56704512
layers_8_hs_768_heads_12_cl_256	0	5	relative_position_control	0.9964625239372253	768	8	8*768	56704512
layers_8_hs_768_heads_12_cl_256	0	5	main_verb_lexical_content_the	0.6886284351348877	768	8	8*768	56704512
layers_8_hs_768_heads_12_cl_256	0	5	main_verb_relative_token_position	0.7047626972198486	768	8	8*768	56704512
layers_8_hs_768_heads_12_cl_256	0	5	syntactic_category_lexical_content_the	0.6803478598594666	768	8	8*768	56704512
layers_8_hs_768_heads_12_cl_256	0	5	syntactic_category_relative_position	0.6280707120895386	768	8	8*768	56704512
layers_8_hs_768_heads_12_cl_256	0	5	control_raising_lexical_content_the	0.678687572479248	768	8	8*768	56704512
layers_8_hs_768_heads_12_cl_256	0	5	control_raising_relative_token_position	0.6956911683082581	768	8	8*768	56704512
layers_8_hs_768_heads_12_cl_256	13	5	main_verb_control	0.9991437196731567	768	8	8*768	56704512
layers_8_hs_768_heads_12_cl_256	13	5	control_raising_control	0.9725003838539124	768	8	8*768	56704512
layers_8_hs_768_heads_12_cl_256	13	5	syntactic_category_control	0.8325347900390625	768	8	8*768	56704512
layers_8_hs_768_heads_12_cl_256	13	5	lexical_content_the_control	0.7591208815574646	768	8	8*768	56704512
layers_8_hs_768_heads_12_cl_256	13	5	relative_position_control	0.9842472076416016	768	8	8*768	56704512
layers_8_hs_768_heads_12_cl_256	13	5	main_verb_lexical_content_the	0.670573353767395	768	8	8*768	56704512
layers_8_hs_768_heads_12_cl_256	13	5	main_verb_relative_token_position	0.6856459975242615	768	8	8*768	56704512
layers_8_hs_768_heads_12_cl_256	13	5	syntactic_category_lexical_content_the	0.6201533675193787	768	8	8*768	56704512
layers_8_hs_768_heads_12_cl_256	13	5	syntactic_category_relative_position	0.6380130648612976	768	8	8*768	56704512
layers_8_hs_768_heads_12_cl_256	13	5	control_raising_lexical_content_the	0.7237295508384705	768	8	8*768	56704512
layers_8_hs_768_heads_12_cl_256	13	5	control_raising_relative_token_position	0.685418426990509	768	8	8*768	56704512
layers_8_hs_1536_heads_12_cl_256	13	5	main_verb_control	0.9958409667015076	1536	8	8*1536	229014528
layers_8_hs_1536_heads_12_cl_256	13	5	control_raising_control	0.9557614922523499	1536	8	8*1536	229014528
layers_8_hs_1536_heads_12_cl_256	13	5	syntactic_category_control	0.8329857587814331	1536	8	8*1536	229014528
layers_8_hs_1536_heads_12_cl_256	13	5	lexical_content_the_control	0.7626923322677612	1536	8	8*1536	229014528
layers_8_hs_1536_heads_12_cl_256	13	5	relative_position_control	0.9834181070327759	1536	8	8*1536	229014528
layers_8_hs_1536_heads_12_cl_256	13	5	main_verb_lexical_content_the	0.7051903009414673	1536	8	8*1536	229014528
layers_8_hs_1536_heads_12_cl_256	13	5	main_verb_relative_token_position	0.762648344039917	1536	8	8*1536	229014528
layers_8_hs_1536_heads_12_cl_256	13	5	syntactic_category_lexical_content_the	0.6605115532875061	1536	8	8*1536	229014528
layers_8_hs_1536_heads_12_cl_256	13	5	syntactic_category_relative_position	0.6257108449935913	1536	8	8*1536	229014528
layers_8_hs_1536_heads_12_cl_256	13	5	control_raising_lexical_content_the	0.7788186073303223	1536	8	8*1536	229014528
layers_8_hs_1536_heads_12_cl_256	13	5	control_raising_relative_token_position	0.6974440217018127	1536	8	8*1536	229014528
layers_8_hs_1536_heads_12_cl_256	0	5	main_verb_control	0.996024489402771	1536	8	8*1536	229014528
layers_8_hs_1536_heads_12_cl_256	0	5	control_raising_control	0.958376944065094	1536	8	8*1536	229014528
layers_8_hs_1536_heads_12_cl_256	0	5	syntactic_category_control	0.8558706045150757	1536	8	8*1536	229014528
layers_8_hs_1536_heads_12_cl_256	0	5	lexical_content_the_control	0.7639560699462891	1536	8	8*1536	229014528
layers_8_hs_1536_heads_12_cl_256	0	5	relative_position_control	0.9902719259262085	1536	8	8*1536	229014528
layers_8_hs_1536_heads_12_cl_256	0	5	main_verb_lexical_content_the	0.7530205249786377	1536	8	8*1536	229014528
layers_8_hs_1536_heads_12_cl_256	0	5	main_verb_relative_token_position	0.7338908910751343	1536	8	8*1536	229014528
layers_8_hs_1536_heads_12_cl_256	0	5	syntactic_category_lexical_content_the	0.7092241048812866	1536	8	8*1536	229014528
layers_8_hs_1536_heads_12_cl_256	0	5	syntactic_category_relative_position	0.648729145526886	1536	8	8*1536	229014528
layers_8_hs_1536_heads_12_cl_256	0	5	control_raising_lexical_content_the	0.7997864484786987	1536	8	8*1536	229014528
layers_8_hs_1536_heads_12_cl_256	0	5	control_raising_relative_token_position	0.6925114989280701	1536	8	8*1536	229014528
layers_16_hs_192_heads_12_cl_256	0	5	main_verb_control	0.987339437007904	192	16	16*192	7413120
layers_16_hs_192_heads_12_cl_256	0	5	control_raising_control	0.9140636920928955	192	16	16*192	7413120
layers_16_hs_192_heads_12_cl_256	0	5	syntactic_category_control	0.8354095220565796	192	16	16*192	7413120
layers_16_hs_192_heads_12_cl_256	0	5	lexical_content_the_control	0.7743406295776367	192	16	16*192	7413120
layers_16_hs_192_heads_12_cl_256	0	5	relative_position_control	0.972971498966217	192	16	16*192	7413120
layers_16_hs_192_heads_12_cl_256	0	5	main_verb_lexical_content_the	0.703742265701294	192	16	16*192	7413120
layers_16_hs_192_heads_12_cl_256	0	5	main_verb_relative_token_position	0.6757992506027222	192	16	16*192	7413120
layers_16_hs_192_heads_12_cl_256	0	5	syntactic_category_lexical_content_the	0.701512336730957	192	16	16*192	7413120
layers_16_hs_192_heads_12_cl_256	0	5	syntactic_category_relative_position	0.6424233317375183	192	16	16*192	7413120
layers_16_hs_192_heads_12_cl_256	0	5	control_raising_lexical_content_the	0.6842693090438843	192	16	16*192	7413120
layers_16_hs_192_heads_12_cl_256	0	5	control_raising_relative_token_position	0.6689494848251343	192	16	16*192	7413120
layers_16_hs_192_heads_12_cl_256	13	5	main_verb_control	0.9835473895072937	192	16	16*192	7413120
layers_16_hs_192_heads_12_cl_256	13	5	control_raising_control	0.9369301795959473	192	16	16*192	7413120
layers_16_hs_192_heads_12_cl_256	13	5	syntactic_category_control	0.833831250667572	192	16	16*192	7413120
layers_16_hs_192_heads_12_cl_256	13	5	lexical_content_the_control	0.7937362790107727	192	16	16*192	7413120
layers_16_hs_192_heads_12_cl_256	13	5	relative_position_control	0.9903824925422668	192	16	16*192	7413120
layers_16_hs_192_heads_12_cl_256	13	5	main_verb_lexical_content_the	0.682157576084137	192	16	16*192	7413120
layers_16_hs_192_heads_12_cl_256	13	5	main_verb_relative_token_position	0.7134970426559448	192	16	16*192	7413120
layers_16_hs_192_heads_12_cl_256	13	5	syntactic_category_lexical_content_the	0.64765864610672	192	16	16*192	7413120
layers_16_hs_192_heads_12_cl_256	13	5	syntactic_category_relative_position	0.6228094100952148	192	16	16*192	7413120
layers_16_hs_192_heads_12_cl_256	13	5	control_raising_lexical_content_the	0.6726204752922058	192	16	16*192	7413120
layers_16_hs_192_heads_12_cl_256	13	5	control_raising_relative_token_position	0.6957727074623108	192	16	16*192	7413120
layers_16_hs_384_heads_12_cl_256	13	5	main_verb_control	0.9918654561042786	384	16	16*384	28982016
layers_16_hs_384_heads_12_cl_256	13	5	control_raising_control	0.9400687217712402	384	16	16*384	28982016
layers_16_hs_384_heads_12_cl_256	13	5	syntactic_category_control	0.846006453037262	384	16	16*384	28982016
layers_16_hs_384_heads_12_cl_256	13	5	lexical_content_the_control	0.7642307877540588	384	16	16*384	28982016
layers_16_hs_384_heads_12_cl_256	13	5	relative_position_control	0.9964625239372253	384	16	16*384	28982016
layers_16_hs_384_heads_12_cl_256	13	5	main_verb_lexical_content_the	0.7453730702400208	384	16	16*384	28982016
layers_16_hs_384_heads_12_cl_256	13	5	main_verb_relative_token_position	0.7411420345306396	384	16	16*384	28982016
layers_16_hs_384_heads_12_cl_256	13	5	syntactic_category_lexical_content_the	0.7084957957267761	384	16	16*384	28982016
layers_16_hs_384_heads_12_cl_256	13	5	syntactic_category_relative_position	0.6217648386955261	384	16	16*384	28982016
layers_16_hs_384_heads_12_cl_256	13	5	control_raising_lexical_content_the	0.7565402984619141	384	16	16*384	28982016
layers_16_hs_384_heads_12_cl_256	13	5	control_raising_relative_token_position	0.6910439729690552	384	16	16*384	28982016
layers_16_hs_384_heads_12_cl_256	0	5	main_verb_control	0.9916207790374756	384	16	16*384	28982016
layers_16_hs_384_heads_12_cl_256	0	5	control_raising_control	0.9627110958099365	384	16	16*384	28982016
layers_16_hs_384_heads_12_cl_256	0	5	syntactic_category_control	0.8292655348777771	384	16	16*384	28982016
layers_16_hs_384_heads_12_cl_256	0	5	lexical_content_the_control	0.7796703577041626	384	16	16*384	28982016
layers_16_hs_384_heads_12_cl_256	0	5	relative_position_control	0.9953570365905762	384	16	16*384	28982016
layers_16_hs_384_heads_12_cl_256	0	5	main_verb_lexical_content_the	0.7530657649040222	384	16	16*384	28982016
layers_16_hs_384_heads_12_cl_256	0	5	main_verb_relative_token_position	0.7809821963310242	384	16	16*384	28982016
layers_16_hs_384_heads_12_cl_256	0	5	syntactic_category_lexical_content_the	0.6303071975708008	384	16	16*384	28982016
layers_16_hs_384_heads_12_cl_256	0	5	syntactic_category_relative_position	0.6272969841957092	384	16	16*384	28982016
layers_16_hs_384_heads_12_cl_256	0	5	control_raising_lexical_content_the	0.743192732334137	384	16	16*384	28982016
layers_16_hs_384_heads_12_cl_256	0	5	control_raising_relative_token_position	0.6961803436279297	384	16	16*384	28982016
layers_16_hs_768_heads_12_cl_256	13	5	main_verb_control	0.9975535273551941	768	16	16*768	113407488
layers_16_hs_768_heads_12_cl_256	13	5	control_raising_control	0.9729487299919128	768	16	16*768	113407488
layers_16_hs_768_heads_12_cl_256	13	5	syntactic_category_control	0.8991037607192993	768	16	16*768	113407488
layers_16_hs_768_heads_12_cl_256	13	5	lexical_content_the_control	0.7590659260749817	768	16	16*768	113407488
layers_16_hs_768_heads_12_cl_256	13	5	relative_position_control	0.9983970522880554	768	16	16*768	113407488
layers_16_hs_768_heads_12_cl_256	13	5	main_verb_lexical_content_the	0.7155075073242188	768	16	16*768	113407488
layers_16_hs_768_heads_12_cl_256	13	5	main_verb_relative_token_position	0.7504119873046875	768	16	16*768	113407488
layers_16_hs_768_heads_12_cl_256	13	5	syntactic_category_lexical_content_the	0.7009982466697693	768	16	16*768	113407488
layers_16_hs_768_heads_12_cl_256	13	5	syntactic_category_relative_position	0.6410692930221558	768	16	16*768	113407488
layers_16_hs_768_heads_12_cl_256	13	5	control_raising_lexical_content_the	0.7545503377914429	768	16	16*768	113407488
layers_16_hs_768_heads_12_cl_256	13	5	control_raising_relative_token_position	0.7396355867385864	768	16	16*768	113407488
layers_16_hs_768_heads_12_cl_256	0	5	main_verb_control	0.9986544251441956	768	16	16*768	113407488
layers_16_hs_768_heads_12_cl_256	0	5	control_raising_control	0.9693618416786194	768	16	16*768	113407488
layers_16_hs_768_heads_12_cl_256	0	5	syntactic_category_control	0.842680811882019	768	16	16*768	113407488
layers_16_hs_768_heads_12_cl_256	0	5	lexical_content_the_control	0.7540659308433533	768	16	16*768	113407488
layers_16_hs_768_heads_12_cl_256	0	5	relative_position_control	0.9985076189041138	768	16	16*768	113407488
layers_16_hs_768_heads_12_cl_256	0	5	main_verb_lexical_content_the	0.7118421792984009	768	16	16*768	113407488
layers_16_hs_768_heads_12_cl_256	0	5	main_verb_relative_token_position	0.7215721607208252	768	16	16*768	113407488
layers_16_hs_768_heads_12_cl_256	0	5	syntactic_category_lexical_content_the	0.6595690250396729	768	16	16*768	113407488
layers_16_hs_768_heads_12_cl_256	0	5	syntactic_category_relative_position	0.6279933452606201	768	16	16*768	113407488
layers_16_hs_768_heads_12_cl_256	0	5	control_raising_lexical_content_the	0.8880259990692139	768	16	16*768	113407488
layers_16_hs_768_heads_12_cl_256	0	5	control_raising_relative_token_position	0.718845546245575	768	16	16*768	113407488
layers_16_hs_1536_heads_12_cl_256	0	5	main_verb_control	0.9988991022109985	1536	16	16*1536	455666688
layers_16_hs_1536_heads_12_cl_256	0	5	control_raising_control	0.9754147529602051	1536	16	16*1536	455666688
layers_16_hs_1536_heads_12_cl_256	0	5	syntactic_category_control	0.7838340401649475	1536	16	16*1536	455666688
layers_16_hs_1536_heads_12_cl_256	0	5	lexical_content_the_control	0.760769248008728	1536	16	16*1536	455666688
layers_16_hs_1536_heads_12_cl_256	0	5	relative_position_control	0.9959650635719299	1536	16	16*1536	455666688
layers_16_hs_1536_heads_12_cl_256	0	5	main_verb_lexical_content_the	0.8263269662857056	1536	16	16*1536	455666688
layers_16_hs_1536_heads_12_cl_256	0	5	main_verb_relative_token_position	0.7850197553634644	1536	16	16*1536	455666688
layers_16_hs_1536_heads_12_cl_256	0	5	syntactic_category_lexical_content_the	0.6240092515945435	1536	16	16*1536	455666688
layers_16_hs_1536_heads_12_cl_256	0	5	syntactic_category_relative_position	0.6240086555480957	1536	16	16*1536	455666688
layers_16_hs_1536_heads_12_cl_256	0	5	control_raising_lexical_content_the	0.8969082236289978	1536	16	16*1536	455666688
layers_16_hs_1536_heads_12_cl_256	0	5	control_raising_relative_token_position	0.7267538905143738	1536	16	16*1536	455666688
layers_16_hs_1536_heads_12_cl_256	13	5	main_verb_control	0.9944953918457031	1536	16	16*1536	455666688
layers_16_hs_1536_heads_12_cl_256	13	5	control_raising_control	0.9730234742164612	1536	16	16*1536	455666688
layers_16_hs_1536_heads_12_cl_256	13	5	syntactic_category_control	0.7788738012313843	1536	16	16*1536	455666688
layers_16_hs_1536_heads_12_cl_256	13	5	lexical_content_the_control	0.7646153569221497	1536	16	16*1536	455666688
layers_16_hs_1536_heads_12_cl_256	13	5	relative_position_control	0.9940305352210999	1536	16	16*1536	455666688
layers_16_hs_1536_heads_12_cl_256	13	5	main_verb_lexical_content_the	0.7895379662513733	1536	16	16*1536	455666688
layers_16_hs_1536_heads_12_cl_256	13	5	main_verb_relative_token_position	0.7695698738098145	1536	16	16*1536	455666688
layers_16_hs_1536_heads_12_cl_256	13	5	syntactic_category_lexical_content_the	0.6271796226501465	1536	16	16*1536	455666688
layers_16_hs_1536_heads_12_cl_256	13	5	syntactic_category_relative_position	0.6275290846824646	1536	16	16*1536	455666688
layers_16_hs_1536_heads_12_cl_256	13	5	control_raising_lexical_content_the	0.9284570217132568	1536	16	16*1536	455666688
layers_16_hs_1536_heads_12_cl_256	13	5	control_raising_relative_token_position	0.7452610731124878	1536	16	16*1536	455666688
layers_24_hs_192_heads_12_cl_256	0	5	main_verb_control	0.9896024465560913	192	24	24*192	10972032
layers_24_hs_192_heads_12_cl_256	0	5	control_raising_control	0.9191451072692871	192	24	24*192	10972032
layers_24_hs_192_heads_12_cl_256	0	5	syntactic_category_control	0.8404261469841003	192	24	24*192	10972032
layers_24_hs_192_heads_12_cl_256	0	5	lexical_content_the_control	0.8167582154273987	192	24	24*192	10972032
layers_24_hs_192_heads_12_cl_256	0	5	relative_position_control	0.9998341798782349	192	24	24*192	10972032
layers_24_hs_192_heads_12_cl_256	0	5	main_verb_lexical_content_the	0.7174080014228821	192	24	24*192	10972032
layers_24_hs_192_heads_12_cl_256	0	5	main_verb_relative_token_position	0.7524719834327698	192	24	24*192	10972032
layers_24_hs_192_heads_12_cl_256	0	5	syntactic_category_lexical_content_the	0.6577695608139038	192	24	24*192	10972032
layers_24_hs_192_heads_12_cl_256	0	5	syntactic_category_relative_position	0.6242794394493103	192	24	24*192	10972032
layers_24_hs_192_heads_12_cl_256	0	5	control_raising_lexical_content_the	0.7203319668769836	192	24	24*192	10972032
layers_24_hs_192_heads_12_cl_256	0	5	control_raising_relative_token_position	0.6823610663414001	192	24	24*192	10972032
layers_24_hs_192_heads_12_cl_256	13	5	main_verb_control	0.9944342374801636	192	24	24*192	10972032
layers_24_hs_192_heads_12_cl_256	13	5	control_raising_control	0.9541922211647034	192	24	24*192	10972032
layers_24_hs_192_heads_12_cl_256	13	5	syntactic_category_control	0.8096499443054199	192	24	24*192	10972032
layers_24_hs_192_heads_12_cl_256	13	5	lexical_content_the_control	0.9342307448387146	192	24	24*192	10972032
layers_24_hs_192_heads_12_cl_256	13	5	relative_position_control	0.9875635504722595	192	24	24*192	10972032
layers_24_hs_192_heads_12_cl_256	13	5	main_verb_lexical_content_the	0.6992623805999756	192	24	24*192	10972032
layers_24_hs_192_heads_12_cl_256	13	5	main_verb_relative_token_position	0.6879944205284119	192	24	24*192	10972032
layers_24_hs_192_heads_12_cl_256	13	5	syntactic_category_lexical_content_the	0.6282078623771667	192	24	24*192	10972032
layers_24_hs_192_heads_12_cl_256	13	5	syntactic_category_relative_position	0.6195597648620605	192	24	24*192	10972032
layers_24_hs_192_heads_12_cl_256	13	5	control_raising_lexical_content_the	0.7160607576370239	192	24	24*192	10972032
layers_24_hs_192_heads_12_cl_256	13	5	control_raising_relative_token_position	0.7038848996162415	192	24	24*192	10972032
layers_24_hs_384_heads_12_cl_256	13	5	main_verb_control	0.997431218624115	384	24	24*384	43177728
layers_24_hs_384_heads_12_cl_256	13	5	control_raising_control	0.937079668045044	384	24	24*384	43177728
layers_24_hs_384_heads_12_cl_256	13	5	syntactic_category_control	0.8755989074707031	384	24	24*384	43177728
layers_24_hs_384_heads_12_cl_256	13	5	lexical_content_the_control	0.7691208720207214	384	24	24*384	43177728
layers_24_hs_384_heads_12_cl_256	13	5	relative_position_control	0.9929250478744507	384	24	24*384	43177728
layers_24_hs_384_heads_12_cl_256	13	5	main_verb_lexical_content_the	0.7488121390342712	384	24	24*384	43177728
layers_24_hs_384_heads_12_cl_256	13	5	main_verb_relative_token_position	0.750823974609375	384	24	24*384	43177728
layers_24_hs_384_heads_12_cl_256	13	5	syntactic_category_lexical_content_the	0.6845893263816833	384	24	24*384	43177728
layers_24_hs_384_heads_12_cl_256	13	5	syntactic_category_relative_position	0.6129831075668335	384	24	24*384	43177728
layers_24_hs_384_heads_12_cl_256	13	5	control_raising_lexical_content_the	0.7927486300468445	384	24	24*384	43177728
layers_24_hs_384_heads_12_cl_256	13	5	control_raising_relative_token_position	0.7179487347602844	384	24	24*384	43177728
layers_24_hs_384_heads_12_cl_256	0	5	main_verb_control	0.9950459003448486	384	24	24*384	43177728
layers_24_hs_384_heads_12_cl_256	0	5	control_raising_control	0.9722762107849121	384	24	24*384	43177728
layers_24_hs_384_heads_12_cl_256	0	5	syntactic_category_control	0.8070570826530457	384	24	24*384	43177728
layers_24_hs_384_heads_12_cl_256	0	5	lexical_content_the_control	0.7809340953826904	384	24	24*384	43177728
layers_24_hs_384_heads_12_cl_256	0	5	relative_position_control	0.9736347794532776	384	24	24*384	43177728
layers_24_hs_384_heads_12_cl_256	0	5	main_verb_lexical_content_the	0.710348904132843	384	24	24*384	43177728
layers_24_hs_384_heads_12_cl_256	0	5	main_verb_relative_token_position	0.7309657335281372	384	24	24*384	43177728
layers_24_hs_384_heads_12_cl_256	0	5	syntactic_category_lexical_content_the	0.6644102931022644	384	24	24*384	43177728
layers_24_hs_384_heads_12_cl_256	0	5	syntactic_category_relative_position	0.6219969987869263	384	24	24*384	43177728
layers_24_hs_384_heads_12_cl_256	0	5	control_raising_lexical_content_the	0.7139251828193665	384	24	24*384	43177728
layers_24_hs_384_heads_12_cl_256	0	5	control_raising_relative_token_position	0.6923892498016357	384	24	24*384	43177728
layers_24_hs_768_heads_12_cl_256	13	5	main_verb_control	0.9987767338752747	768	24	24*768	170110464
layers_24_hs_768_heads_12_cl_256	13	5	control_raising_control	0.970557451248169	768	24	24*768	170110464
layers_24_hs_768_heads_12_cl_256	13	5	syntactic_category_control	0.839918851852417	768	24	24*768	170110464
layers_24_hs_768_heads_12_cl_256	13	5	lexical_content_the_control	0.753186821937561	768	24	24*768	170110464
layers_24_hs_768_heads_12_cl_256	13	5	relative_position_control	0.992095947265625	768	24	24*768	170110464
layers_24_hs_768_heads_12_cl_256	13	5	main_verb_lexical_content_the	0.7444228529930115	768	24	24*768	170110464
layers_24_hs_768_heads_12_cl_256	13	5	main_verb_relative_token_position	0.7734014391899109	768	24	24*768	170110464
layers_24_hs_768_heads_12_cl_256	13	5	syntactic_category_lexical_content_the	0.6677091717720032	768	24	24*768	170110464
layers_24_hs_768_heads_12_cl_256	13	5	syntactic_category_relative_position	0.608650267124176	768	24	24*768	170110464
layers_24_hs_768_heads_12_cl_256	13	5	control_raising_lexical_content_the	0.6832014918327332	768	24	24*768	170110464
layers_24_hs_768_heads_12_cl_256	13	5	control_raising_relative_token_position	0.7132607698440552	768	24	24*768	170110464
layers_24_hs_768_heads_12_cl_256	0	5	main_verb_control	0.9993883967399597	768	24	24*768	170110464
layers_24_hs_768_heads_12_cl_256	0	5	control_raising_control	0.9549394845962524	768	24	24*768	170110464
layers_24_hs_768_heads_12_cl_256	0	5	syntactic_category_control	0.8260526657104492	768	24	24*768	170110464
layers_24_hs_768_heads_12_cl_256	0	5	lexical_content_the_control	0.7723076939582825	768	24	24*768	170110464
layers_24_hs_768_heads_12_cl_256	0	5	relative_position_control	0.9986181855201721	768	24	24*768	170110464
layers_24_hs_768_heads_12_cl_256	0	5	main_verb_lexical_content_the	0.7874564528465271	768	24	24*768	170110464
layers_24_hs_768_heads_12_cl_256	0	5	main_verb_relative_token_position	0.7662326693534851	768	24	24*768	170110464
layers_24_hs_768_heads_12_cl_256	0	5	syntactic_category_lexical_content_the	0.6554560661315918	768	24	24*768	170110464
layers_24_hs_768_heads_12_cl_256	0	5	syntactic_category_relative_position	0.6277225613594055	768	24	24*768	170110464
layers_24_hs_768_heads_12_cl_256	0	5	control_raising_lexical_content_the	0.7290685772895813	768	24	24*768	170110464
layers_24_hs_768_heads_12_cl_256	0	5	control_raising_relative_token_position	0.7201907634735107	768	24	24*768	170110464
layers_24_hs_1536_heads_12_cl_256	0	5	main_verb_control	0.9993883967399597	1536	24	24*1536	682318848
layers_24_hs_1536_heads_12_cl_256	0	5	control_raising_control	0.9559856653213501	1536	24	24*1536	682318848
layers_24_hs_1536_heads_12_cl_256	0	5	syntactic_category_control	0.8346203565597534	1536	24	24*1536	682318848
layers_24_hs_1536_heads_12_cl_256	0	5	lexical_content_the_control	0.7568681240081787	1536	24	24*1536	682318848
layers_24_hs_1536_heads_12_cl_256	0	5	relative_position_control	0.9888348579406738	1536	24	24*1536	682318848
layers_24_hs_1536_heads_12_cl_256	0	5	main_verb_lexical_content_the	0.7528847455978394	1536	24	24*1536	682318848
layers_24_hs_1536_heads_12_cl_256	0	5	main_verb_relative_token_position	0.7539963722229004	1536	24	24*1536	682318848
layers_24_hs_1536_heads_12_cl_256	0	5	syntactic_category_lexical_content_the	0.6732359528541565	1536	24	24*1536	682318848
layers_24_hs_1536_heads_12_cl_256	0	5	syntactic_category_relative_position	0.6051297783851624	1536	24	24*1536	682318848
layers_24_hs_1536_heads_12_cl_256	0	5	control_raising_lexical_content_the	0.7988157272338867	1536	24	24*1536	682318848
layers_24_hs_1536_heads_12_cl_256	0	5	control_raising_relative_token_position	0.7109372019767761	1536	24	24*1536	682318848
layers_24_hs_1536_heads_12_cl_256	13	5	main_verb_control	0.9986544251441956	1536	24	24*1536	682318848
layers_24_hs_1536_heads_12_cl_256	13	5	control_raising_control	0.9624869227409363	1536	24	24*1536	682318848
layers_24_hs_1536_heads_12_cl_256	13	5	syntactic_category_control	0.808804452419281	1536	24	24*1536	682318848
layers_24_hs_1536_heads_12_cl_256	13	5	lexical_content_the_control	0.7509890198707581	1536	24	24*1536	682318848
layers_24_hs_1536_heads_12_cl_256	13	5	main_verb_lexical_content_the	0.7677270174026489	1536	24	24*1536	682318848
layers_24_hs_1536_heads_12_cl_256	13	5	main_verb_relative_token_position	0.8068556189537048	1536	24	24*1536	682318848
layers_24_hs_1536_heads_12_cl_256	13	5	syntactic_category_lexical_content_the	0.6433743238449097	1536	24	24*1536	682318848
layers_24_hs_1536_heads_12_cl_256	13	5	syntactic_category_relative_position	0.6173933148384094	1536	24	24*1536	682318848
layers_24_hs_1536_heads_12_cl_256	13	5	control_raising_lexical_content_the	0.8380333185195923	1536	24	24*1536	682318848
layers_24_hs_1536_heads_12_cl_256	13	5	control_raising_relative_token_position	0.7067384123802185	1536	24	24*1536	682318848
